list,title,doi,documentPage
https://dblp.org/rec/conf/hhai/0001GS23,Leveraging Diversity in Online Interactions (Short Paper).,,https://ceur-ws.org/Vol-3456/short5-9.pdf
https://dblp.org/rec/conf/hhai/000324,Operationalising AI Governance - a Hands-on Approach to Responsible AI.,,https://ceur-ws.org/Vol-3825/keynote6-2.pdf
https://dblp.org/rec/conf/hhai/2022,"HHAI 2022: Augmenting Human Intellect - Proceedings of the First International Conference on Hybrid Human-Artificial Intelligence, Amsterdam, The Netherlands, 13-17 June 2022.",https://doi.org/10.3233/FAIA354,https://doi.org/10.3233/FAIA354
https://dblp.org/rec/conf/hhai/2023,"HHAI 2023: Augmenting Human Intellect - Proceedings of the Second International Conference on Hybrid Human-Artificial Intelligence, June 26-30, 2023, Munich, Germany.",,https://ebooks.iospress.nl/volume/hhai-2023-augmenting-human-intellect-proceedings-of-the-second-international-conference-on-hybrid-human-artificial-intelligence
https://dblp.org/rec/conf/hhai/2023w,"Proceedings of the Workshops at the Second International Conference on Hybrid Human-Artificial Intelligence co-located with (HHAI 2023), Munich, Germany, June 26-27, 2023.",,https://ceur-ws.org/Vol-3456
https://dblp.org/rec/conf/hhai/2023w,"Proceedings of the Workshops at the Second International Conference on Hybrid Human-Artificial Intelligence co-located with (HHAI 2023), Munich, Germany, June 26-27, 2023.",,https://nbn-resolving.org/urn:nbn:de:0074-3456-8
https://dblp.org/rec/conf/hhai/2024,"HHAI 2024: Hybrid Human AI Systems for the Social Good - Proceedings of the Third International Conference on Hybrid Human-Artificial Intelligence, Malmö, Sweden, 10-14 June 2024.",https://doi.org/10.3233/FAIA386,https://doi.org/10.3233/FAIA386
https://dblp.org/rec/conf/hhai/2024w,"Proceedings of the Workshops at the Third International Conference on Hybrid Human-Artificial Intelligence co-located with (HHAI 2024), Malmö, Sweden, June 10-11, 2024.",,https://ceur-ws.org/Vol-3825
https://dblp.org/rec/conf/hhai/2024w,"Proceedings of the Workshops at the Third International Conference on Hybrid Human-Artificial Intelligence co-located with (HHAI 2024), Malmö, Sweden, June 10-11, 2024.",,https://nbn-resolving.org/urn:nbn:de:0074-3825-7
https://dblp.org/rec/conf/hhai/AbramskiCLRS24,Cognitive Network Science Unveils Affective Bias in GPT Models Mirroring Math Anxiety in High-School Students.,https://doi.org/10.3233/FAIA240221,https://doi.org/10.3233/FAIA240221
https://dblp.org/rec/conf/hhai/AbramskiLRS24,LLM-Generated Word Association Norms.,https://doi.org/10.3233/FAIA240177,https://doi.org/10.3233/FAIA240177
https://dblp.org/rec/conf/hhai/AbuhaimedS22,Effective Task Allocation in Ad Hoc Human-Agent Teams.,https://doi.org/10.3233/FAIA220197,https://doi.org/10.3233/FAIA220197
https://dblp.org/rec/conf/hhai/AchonSHCGC23,'SOS TUTORÍA UC': A Diversity-Aware Application for Tutor Recommendation Based on Competence and Personality (Short Paper).,,https://ceur-ws.org/Vol-3456/short5-8.pdf
https://dblp.org/rec/conf/hhai/AdanH23,CollEagle; Tangible Human-AI Interaction for Collocated Collaboration.,https://doi.org/10.3233/FAIA230115,https://doi.org/10.3233/FAIA230115
https://dblp.org/rec/conf/hhai/AdhikariGDV24,Beyond Skills: The Role of Values in Job Seeking in the Era of Industry 5.0.,https://doi.org/10.3233/FAIA240178,https://doi.org/10.3233/FAIA240178
https://dblp.org/rec/conf/hhai/AkintundeYFCD024,Formal Specification of Actual Trust in Multiagent Systems.,https://doi.org/10.3233/FAIA240179,https://doi.org/10.3233/FAIA240179
https://dblp.org/rec/conf/hhai/AlfieriDGGS23,Ethical Preferences in the Digital World: The EXOSOUL Questionnaire.,https://doi.org/10.3233/FAIA230092,https://doi.org/10.3233/FAIA230092
https://dblp.org/rec/conf/hhai/AlfieriIMP22,Exosoul: Ethical Profiling in the Digital World.,https://doi.org/10.3233/FAIA220194,https://doi.org/10.3233/FAIA220194
https://dblp.org/rec/conf/hhai/AlfieriSDI24,In Search of Clarity: Discerning Between Human Replacement and Augmentation.,https://doi.org/10.3233/FAIA240180,https://doi.org/10.3233/FAIA240180
https://dblp.org/rec/conf/hhai/Armaselu24,Playing the Imitation Game: Human-AI Simulators in Pedagogic Design.,https://doi.org/10.3233/FAIA240181,https://doi.org/10.3233/FAIA240181
https://dblp.org/rec/conf/hhai/Aydin24,Assisting Users in Privacy Conflicts with Partially Observable Multi-Agent Reinforcement Learning.,https://doi.org/10.3233/FAIA240182,https://doi.org/10.3233/FAIA240182
https://dblp.org/rec/conf/hhai/BakkerBMBR22,A Hybrid Approach for Creating Knowledge Graphs: Recognizing Emerging Technologies in Dutch Companies.,https://doi.org/10.3233/FAIA220226,https://doi.org/10.3233/FAIA220226
https://dblp.org/rec/conf/hhai/BanaeeKNL24,Intention Recognition and Communication for Human-Robot Collaboration.,,https://ceur-ws.org/Vol-3825/short3-3.pdf
https://dblp.org/rec/conf/hhai/BerberianGP23,Communicating AI Intentions to Boost Human AI Cooperation (Short Paper).,,https://ceur-ws.org/Vol-3456/short4-2.pdf
https://dblp.org/rec/conf/hhai/BergKHGSL23,A Conceptual Model for Implementing Explainable AI by Design: Results of an Empirical Study.,https://doi.org/10.3233/FAIA230075,https://doi.org/10.3233/FAIA230075
https://dblp.org/rec/conf/hhai/Berman24,Why Do You Think This Person Is Introverted? - Towards Conversational Argumentative Explainability.,https://doi.org/10.3233/FAIA240222,https://doi.org/10.3233/FAIA240222
https://dblp.org/rec/conf/hhai/Berman24a,Argumentative Dialogue As Basis For Human-AI Collaboration.,,https://ceur-ws.org/Vol-3825/short3-2.pdf
https://dblp.org/rec/conf/hhai/BirhaneS22,The Games We Play: Critical Complexity Improves Machine Learning.,https://doi.org/10.3233/FAIA220186,https://doi.org/10.3233/FAIA220186
https://dblp.org/rec/conf/hhai/BisonZ23,Factors Impacting the Quality of User Answers on Smartphones (Short Paper).,,https://ceur-ws.org/Vol-3456/short5-2.pdf
https://dblp.org/rec/conf/hhai/BoerS24,Hybrid Intelligence for Digital Humanities.,https://doi.org/10.3233/FAIA240186,https://doi.org/10.3233/FAIA240186
https://dblp.org/rec/conf/hhai/BorovikV23,Co-Performing Music with AI: Real-Time Performance Control Using Speech and Gestures.,https://doi.org/10.3233/FAIA230097,https://doi.org/10.3233/FAIA230097
https://dblp.org/rec/conf/hhai/BosDFVBT22,"Karen, the Interrupting Customer.",https://doi.org/10.3233/FAIA220211,https://doi.org/10.3233/FAIA220211
https://dblp.org/rec/conf/hhai/BottaSG23,Personalizing Interventions with Diversity Aware Bandits (Short Paper).,,https://ceur-ws.org/Vol-3456/short5-10.pdf
https://dblp.org/rec/conf/hhai/BrinckS24,Frictional Design in Human-Robot Interaction: Delayed Movement in a Turn-Taking Game.,,https://ceur-ws.org/Vol-3825/short1-4.pdf
https://dblp.org/rec/conf/hhai/BrowneBYLA22,Trust in Clinical AI: Expanding the Unit of Analysis.,https://doi.org/10.3233/FAIA220192,https://doi.org/10.3233/FAIA220192
https://dblp.org/rec/conf/hhai/BussoAG23,A Research Infrastructure for Generating and Sharing Diversity-Aware Data (Short Paper).,,https://ceur-ws.org/Vol-3456/short5-4.pdf
https://dblp.org/rec/conf/hhai/BussoL23,A Context Model for Collecting Diversity-Aware Data (Short Paper).,,https://ceur-ws.org/Vol-3456/short5-3.pdf
https://dblp.org/rec/conf/hhai/CabitzaN22,"Open, Multiple, Adjunct. Decision Support at the Time of Relational AI.",https://doi.org/10.3233/FAIA220204,https://doi.org/10.3233/FAIA220204
https://dblp.org/rec/conf/hhai/CappuccioBMR24,An Interactive Interface for Feature Space Navigation.,https://doi.org/10.3233/FAIA240184,https://doi.org/10.3233/FAIA240184
https://dblp.org/rec/conf/hhai/CarterTS22,"A ""Mock App Store"" Interface for Virtual Privacy Assistants.",https://doi.org/10.3233/FAIA220212,https://doi.org/10.3233/FAIA220212
https://dblp.org/rec/conf/hhai/Ceard-Falkenberg22,pEncode: A Tool for Visualizing Pen Signal Encodings in Real-Time.,https://doi.org/10.3233/FAIA220217,https://doi.org/10.3233/FAIA220217
https://dblp.org/rec/conf/hhai/Chaaben24,Exploring Human-AI Collaboration and Explainability for Sustainable ML.,https://doi.org/10.3233/FAIA240209,https://doi.org/10.3233/FAIA240209
https://dblp.org/rec/conf/hhai/ChakravortiFFMS23,A Prototype Hybrid Prediction Market for Estimating Replicability of Published Work.,https://doi.org/10.3233/FAIA230093,https://doi.org/10.3233/FAIA230093
https://dblp.org/rec/conf/hhai/Chang0KOA24,Human-Centered AI for Dementia Care: Using Reinforcement Learning for Personalized Interventions Support in Eating and Drinking Scenarios.,https://doi.org/10.3233/FAIA240185,https://doi.org/10.3233/FAIA240185
https://dblp.org/rec/conf/hhai/CharalambidesM23,Intra-Organizational Communication 2.0 (Short Paper).,,https://ceur-ws.org/Vol-3456/short5-5.pdf
https://dblp.org/rec/conf/hhai/ChenSBHKS0W24,"Intelligent Support Systems for Lifestyle Change: Integrating Dialogue, Information Extraction, and Reasoning.",https://doi.org/10.3233/FAIA240223,https://doi.org/10.3233/FAIA240223
https://dblp.org/rec/conf/hhai/ChenTHJR23,Acquiring Semantic Knowledge for User Model Updates via Human-Agent Alignment Dialogues.,https://doi.org/10.3233/FAIA230077,https://doi.org/10.3233/FAIA230077
https://dblp.org/rec/conf/hhai/ChuanS23,Challenges and Findings in Creating Smart Assistants for Mixed Reality Training Apps.,https://doi.org/10.3233/FAIA230111,https://doi.org/10.3233/FAIA230111
https://dblp.org/rec/conf/hhai/ClavieSNB23,Towards Simple Hybrid Language Model Reasoning Through Human Explanations Enhanced Prompts.,https://doi.org/10.3233/FAIA230103,https://doi.org/10.3233/FAIA230103
https://dblp.org/rec/conf/hhai/CohenMCC23,Teamness and Trust in AI-Enabled Decision Support Systems (Short Paper).,,https://ceur-ws.org/Vol-3456/short4-7.pdf
https://dblp.org/rec/conf/hhai/Cooley-RussLKPR23,A Testbed for Cognitively Plausibly Bartering Agents.,https://doi.org/10.3233/FAIA230109,https://doi.org/10.3233/FAIA230109
https://dblp.org/rec/conf/hhai/CorradoGGLVZ23,Assisting the Assistant: A Cobot for Voice Customer Support.,https://doi.org/10.3233/FAIA230096,https://doi.org/10.3233/FAIA230096
https://dblp.org/rec/conf/hhai/DelobelleWB23,ResumeTailor: Improving Resume Quality Through Co-Creative Tools.,https://doi.org/10.3233/FAIA230116,https://doi.org/10.3233/FAIA230116
https://dblp.org/rec/conf/hhai/DierendonckFHHH24,Workshop on Responsible Applied Artificial InTelligence (Preface).,,https://ceur-ws.org/Vol-3825/prefaceW6.pdf
https://dblp.org/rec/conf/hhai/DoanFC23,Legal-Ethical Challenges and Technological Solutions to e-Health Data Consent in the EU.,https://doi.org/10.3233/FAIA230088,https://doi.org/10.3233/FAIA230088
https://dblp.org/rec/conf/hhai/DohK24,"""My Kind of Woman"": Analysing Gender Stereotypes in AI through The Averageness Theory and EU Law.",,https://ceur-ws.org/Vol-3825/paper4-1.pdf
https://dblp.org/rec/conf/hhai/Duarre024,Looking For Cognitive Bias In AI-Assisted Decision-Making.,,https://ceur-ws.org/Vol-3825/short1-1.pdf
https://dblp.org/rec/conf/hhai/Duarte23,Towards Responsible AI: Developing Explanations to Increase Human-AI Collaboration.,https://doi.org/10.3233/FAIA230126,https://doi.org/10.3233/FAIA230126
https://dblp.org/rec/conf/hhai/DushiNP23,Imagining the AI Landscape after the AI Act (Preface).,,https://ceur-ws.org/Vol-3456/preface1.pdf
https://dblp.org/rec/conf/hhai/DushiNP24,Imagining the AI Landscape after the AI Act (Preface).,,https://ceur-ws.org/Vol-3825/prefaceW4.pdf
https://dblp.org/rec/conf/hhai/Ed-DriouchGDM22,The Integration of Human Intelligence into Artificial Intelligence to Provide Medical Practice-Based Predictions.,https://doi.org/10.3233/FAIA220221,https://doi.org/10.3233/FAIA220221
https://dblp.org/rec/conf/hhai/EliseiHB24,RoboTrio2: Annotated Interactions of a Teleoperated Robot and Human Dyads for Data-Driven Behavioral Models.,,https://ceur-ws.org/Vol-3825/short3-1.pdf
https://dblp.org/rec/conf/hhai/EllisDSGS24,EASY-AI: sEmantic And compoSable glYphs for representing AI systems.,https://doi.org/10.3233/FAIA240187,https://doi.org/10.3233/FAIA240187
https://dblp.org/rec/conf/hhai/ErculianiBPG23,Egocentric Hierarchical Visual Semantics.,https://doi.org/10.3233/FAIA230095,https://doi.org/10.3233/FAIA230095
https://dblp.org/rec/conf/hhai/ErdoganDV24,Effective Maintenance of Computational Theory of Mind for Human-AI Collaboration.,https://doi.org/10.3233/FAIA240188,https://doi.org/10.3233/FAIA240188
https://dblp.org/rec/conf/hhai/ErdoganDVY22,Abstracting Minds: Computational Theory of Mind for Human-Agent Collaboration.,https://doi.org/10.3233/FAIA220199,https://doi.org/10.3233/FAIA220199
https://dblp.org/rec/conf/hhai/Esposito0P024,Trust in Deceptive Robots.,,https://ceur-ws.org/Vol-3825/extendedAbstract5-1.pdf
https://dblp.org/rec/conf/hhai/FabrisL24,Institutional Modelling: A Case Study of the Swedish Organ Donation System.,https://doi.org/10.3233/FAIA240224,https://doi.org/10.3233/FAIA240224
https://dblp.org/rec/conf/hhai/FarrellM23,False Hopes in Automated Abuse Detection (Short Paper).,,https://ceur-ws.org/Vol-3456/short3-1.pdf
https://dblp.org/rec/conf/hhai/Farshad23,Representation Learning for Semantic Scene Understanding.,https://doi.org/10.3233/FAIA230124,https://doi.org/10.3233/FAIA230124
https://dblp.org/rec/conf/hhai/FleinerV24,Towards Effective Management of Verbal Probability Expressions Using a Co-Learning Approach.,https://doi.org/10.3233/FAIA240189,https://doi.org/10.3233/FAIA240189
https://dblp.org/rec/conf/hhai/FontanaNMG22,Monitoring Fairness in HOLDA.,https://doi.org/10.3233/FAIA220205,https://doi.org/10.3233/FAIA220205
https://dblp.org/rec/conf/hhai/FregosiC24,A Frictional Design Approach: Towards Judicial AI and its Possible Applications.,,https://ceur-ws.org/Vol-3825/short1-2.pdf
https://dblp.org/rec/conf/hhai/FriedrichSTK22,Interactively Providing Explanations for Transformer Language Models.,https://doi.org/10.3233/FAIA220218,https://doi.org/10.3233/FAIA220218
https://dblp.org/rec/conf/hhai/GanterHHO24,Collaborative Hybrid Human AI Learning through Conceptual Exploration.,,https://ceur-ws.org/Vol-3825/tutorial.pdf
https://dblp.org/rec/conf/hhai/GeziciMBPRPG24,XAI in Healthcare.,,https://ceur-ws.org/Vol-3825/short2-1.pdf
https://dblp.org/rec/conf/hhai/GeziciMO23,The Ethical Impact Assessment of Selling Life Insurance to Titanic Passengers.,,https://ceur-ws.org/Vol-3456/paper1-3.pdf
https://dblp.org/rec/conf/hhai/GouveaTHS22,Annotating Sound Events Through Interactive Design of Interpretable Features.,https://doi.org/10.3233/FAIA220225,https://doi.org/10.3233/FAIA220225
https://dblp.org/rec/conf/hhai/GulyasBFL24,Keep Gesturing: A Game for Pragmatic Communication.,https://doi.org/10.3233/FAIA240225,https://doi.org/10.3233/FAIA240225
https://dblp.org/rec/conf/hhai/Gurcan24,LLM-Augmented Agent-Based Modelling for Social Simulations: Challenges and Opportunities.,https://doi.org/10.3233/FAIA240190,https://doi.org/10.3233/FAIA240190
https://dblp.org/rec/conf/hhai/HaliburtonGW0M24,Investigating Labeler Bias in Face Annotation for Machine Learning.,https://doi.org/10.3233/FAIA240191,https://doi.org/10.3233/FAIA240191
https://dblp.org/rec/conf/hhai/HaoTWBN24,Hybrid Intelligence for Healthcare (Preface).,,https://ceur-ws.org/Vol-3825/prefaceW2.pdf
https://dblp.org/rec/conf/hhai/HarbersHS24,Responsible AI in Practice: A Case Study on Designing a PSM Recommender.,,https://ceur-ws.org/Vol-3825/short6-5.pdf
https://dblp.org/rec/conf/hhai/Hartikainen24,Investigations to Facilitate Human-Centred AI Development in Manufacturing.,https://doi.org/10.3233/FAIA240210,https://doi.org/10.3233/FAIA240210
https://dblp.org/rec/conf/hhai/HartikainenSV24,Human-AI Collaboration in Smart Manufacturing: Key Concepts and Framework for Design.,https://doi.org/10.3233/FAIA240192,https://doi.org/10.3233/FAIA240192
https://dblp.org/rec/conf/hhai/Hettich24,What Happens to a Robotic Startup While It Evolves.,https://doi.org/10.3233/FAIA240226,https://doi.org/10.3233/FAIA240226
https://dblp.org/rec/conf/hhai/HolbrookHWMLSSA23,Investigating Human-Robot Overtrust During Crises (Short Paper).,,https://ceur-ws.org/Vol-3456/short4-5.pdf
https://dblp.org/rec/conf/hhai/Iyer22,Moral Reflection with AI - Necessary or Redundant?,https://doi.org/10.3233/FAIA220219,https://doi.org/10.3233/FAIA220219
https://dblp.org/rec/conf/hhai/Jarvela0HJMK23,Hybrid Intelligence - Human-AI Co-Evolution and Learning in Multirealities (HI).,https://doi.org/10.3233/FAIA230107,https://doi.org/10.3233/FAIA230107
https://dblp.org/rec/conf/hhai/JinB23,Review on the Application Areas of Decision-Making Algorithms in Smart Homes.,https://doi.org/10.3233/FAIA230076,https://doi.org/10.3233/FAIA230076
https://dblp.org/rec/conf/hhai/JorgeJT23,Artificial Trust for Decision-Making in Human-AI Teamwork: Steps and Challenges (Short Paper).,,https://ceur-ws.org/Vol-3456/short4-3.pdf
https://dblp.org/rec/conf/hhai/JorgeU23,MULTITTRUST - Multidisciplinary Perspectives on Human-AI Team Trust (Preface).,,https://ceur-ws.org/Vol-3456/preface4.pdf
https://dblp.org/rec/conf/hhai/Keswani23,Social Media Platform Structures and Their Implications (Short Paper).,,https://ceur-ws.org/Vol-3456/short3-3.pdf
https://dblp.org/rec/conf/hhai/KeswaniCKL23,Designing Closed-Loop Models for Task Allocation.,https://doi.org/10.3233/FAIA230072,https://doi.org/10.3233/FAIA230072
https://dblp.org/rec/conf/hhai/KimMMS24,Identifying XAI User Needs: Gaps between Literature and Use Cases in the Financial Sector.,,https://ceur-ws.org/Vol-3825/short6-6.pdf
https://dblp.org/rec/conf/hhai/KolaIJ22,Does Personalization Help? Predicting How Social Situations Affect Personal Values.,https://doi.org/10.3233/FAIA220196,https://doi.org/10.3233/FAIA220196
https://dblp.org/rec/conf/hhai/KomanderCP23,Developing and Validating Tools for the Automated Analysis and Enhancement of Online Discussions.,https://doi.org/10.3233/FAIA230120,https://doi.org/10.3233/FAIA230120
https://dblp.org/rec/conf/hhai/KoxB24,"Evaluating Generative AI Incidents: An Exploratory Vignette Study on the Role of Trust, Attitude and AI Literacy.",https://doi.org/10.3233/FAIA240194,https://doi.org/10.3233/FAIA240194
https://dblp.org/rec/conf/hhai/KoxBMTK22,Using a Virtual Reality House-Search Task to Measure Trust During Human-Agent Interaction (Demo Paper).,https://doi.org/10.3233/FAIA220214,https://doi.org/10.3233/FAIA220214
https://dblp.org/rec/conf/hhai/KrugROS23,Visualizing Deep Neural Networks with Topographic Activation Maps.,https://doi.org/10.3233/FAIA230080,https://doi.org/10.3233/FAIA230080
https://dblp.org/rec/conf/hhai/Kruijt22,Evaluation of a Coreference Resolution Model on Mention Patterns with Common Ground.,https://doi.org/10.3233/FAIA220220,https://doi.org/10.3233/FAIA220220
https://dblp.org/rec/conf/hhai/KruppSKALKKK24,Unreflected Acceptance - Investigating the Negative Consequences of ChatGPT-Assisted Problem Solving in Physics Education.,https://doi.org/10.3233/FAIA240195,https://doi.org/10.3233/FAIA240195
https://dblp.org/rec/conf/hhai/Kudina24,Ethics in AI: from Assessment Checklists to Proactive Practices.,,https://ceur-ws.org/Vol-3825/keynote6-1.pdf
https://dblp.org/rec/conf/hhai/KunnemanH22,A Sequence-Based Dialog Management Framework for Co-Regulated Dialog.,https://doi.org/10.3233/FAIA220195,https://doi.org/10.3233/FAIA220195
https://dblp.org/rec/conf/hhai/KunnemanS22,H3AI 2022: Hackathon on Hybrid Human Artificial Intelligence.,https://doi.org/10.3233/FAIA220229,https://doi.org/10.3233/FAIA220229
https://dblp.org/rec/conf/hhai/KuznetsovBS22,SpellInk: Interactive Correction of Spelling Mistakes in Handwritten Text.,https://doi.org/10.3233/FAIA220216,https://doi.org/10.3233/FAIA220216
https://dblp.org/rec/conf/hhai/Larasati23,AI in Healthcare - Reflection on Potential Harms and Impacts (Short Paper).,,https://ceur-ws.org/Vol-3456/short3-2.pdf
https://dblp.org/rec/conf/hhai/LarasatiBMAF23,An Ecology of AI - Reflections for Researchers (Preface).,,https://ceur-ws.org/Vol-3456/preface3.pdf
https://dblp.org/rec/conf/hhai/LeeA23,Deep BCI of Pain Decoding from fNIRS.,https://doi.org/10.3233/FAIA230112,https://doi.org/10.3233/FAIA230112
https://dblp.org/rec/conf/hhai/LeendersCVT22,Björn: An Interrogation Simulator.,https://doi.org/10.3233/FAIA220213,https://doi.org/10.3233/FAIA220213
https://dblp.org/rec/conf/hhai/LeeuwenSV23,Design of Responsible Hybrid Intelligence (Preface).,,https://ceur-ws.org/Vol-3456/preface2.pdf
https://dblp.org/rec/conf/hhai/LeeuwenVVR24,Building a Stronger Case: Combining Evidence and Law in Scenario-Based Bayesian Networks.,https://doi.org/10.3233/FAIA240202,https://doi.org/10.3233/FAIA240202
https://dblp.org/rec/conf/hhai/LemusKS22,An Empirical Investigation of Reliance on AI-Assistance in a Noisy-Image Classification Task.,https://doi.org/10.3233/FAIA220201,https://doi.org/10.3233/FAIA220201
https://dblp.org/rec/conf/hhai/LemusKS23,How Displaying AI Confidence Affects Reliance and Hybrid Human-AI Performance.,https://doi.org/10.3233/FAIA230087,https://doi.org/10.3233/FAIA230087
https://dblp.org/rec/conf/hhai/LendersC23,Functional Requirements for Interactive Bias-Audit Tools.,https://doi.org/10.3233/FAIA230118,https://doi.org/10.3233/FAIA230118
https://dblp.org/rec/conf/hhai/LiebersPAGS24,"""Computer, Generate!"" - Investigating User-Controlled Generation of Immersive Virtual Environments.",https://doi.org/10.3233/FAIA240196,https://doi.org/10.3233/FAIA240196
https://dblp.org/rec/conf/hhai/LiscioJM22,Identifying Context-Specific Values via Hybrid Intelligence.,https://doi.org/10.3233/FAIA220223,https://doi.org/10.3233/FAIA220223
https://dblp.org/rec/conf/hhai/LiscioLBDJLRM23,Inferring Values via Hybrid Intelligence.,https://doi.org/10.3233/FAIA230102,https://doi.org/10.3233/FAIA230102
https://dblp.org/rec/conf/hhai/LiuLR22,What Would You Like to Visit Next? - Using a Knowledge-Graph Driven Museum Guide in a Virtual Exhibition.,https://doi.org/10.3233/FAIA220215,https://doi.org/10.3233/FAIA220215
https://dblp.org/rec/conf/hhai/Malt23,Somax2 - A Distributed Co-Creative System for Human-Machine Co-Improvisation.,https://doi.org/10.3233/FAIA230106,https://doi.org/10.3233/FAIA230106
https://dblp.org/rec/conf/hhai/MancaBMZBB23,XAIProcessLens: A Counterfactual-Based Dashboard for Explainable AI in Process Industries.,https://doi.org/10.3233/FAIA230110,https://doi.org/10.3233/FAIA230110
https://dblp.org/rec/conf/hhai/MaoRWS23,A Hybrid Intelligence Approach to Training Generative Design Assistants: Partnership Between Human Experts and AI Enhanced Co-Creative Tools.,https://doi.org/10.3233/FAIA230078,https://doi.org/10.3233/FAIA230078
https://dblp.org/rec/conf/hhai/MarkosM23,An Empirical Exploration of Diversity Perception (Short Paper).,,https://ceur-ws.org/Vol-3456/short5-1.pdf
https://dblp.org/rec/conf/hhai/MarotRDCD22,Towards an AI Assistant for Power Grid Operators.,https://doi.org/10.3233/FAIA220191,https://doi.org/10.3233/FAIA220191
https://dblp.org/rec/conf/hhai/McKinlay24,Towards Value Alignment for Opaque Agents Through Concept Analysis and Inter-Agent Value Modelling.,https://doi.org/10.3233/FAIA240212,https://doi.org/10.3233/FAIA240212
https://dblp.org/rec/conf/hhai/MeerLJPVM22,HyEnA: A Hybrid Method for Extracting Arguments from Opinions.,https://doi.org/10.3233/FAIA220187,https://doi.org/10.3233/FAIA220187
https://dblp.org/rec/conf/hhai/MeerVJM24,Value-Sensitive Disagreement Analysis for Online Deliberation.,https://doi.org/10.3233/FAIA240231,https://doi.org/10.3233/FAIA240231
https://dblp.org/rec/conf/hhai/MehrotraJJT23,Building Appropriate Trust in AI: The Significance of Integrity-Centered Explanations.,https://doi.org/10.3233/FAIA230121,https://doi.org/10.3233/FAIA230121
https://dblp.org/rec/conf/hhai/MemonSIA23,Don't You Agree with My Ethics? Let's Negotiate!,https://doi.org/10.3233/FAIA230105,https://doi.org/10.3233/FAIA230105
https://dblp.org/rec/conf/hhai/MercadoHBGGC23,Social Interactions Mediated by the Internet and the Big- Five: A Cross-Country Analysis (Short Paper).,,https://ceur-ws.org/Vol-3456/short5-6.pdf
https://dblp.org/rec/conf/hhai/MethnaniLD24,The Impact of Mixed-Initiative on Collaboration in Hybrid AI.,https://doi.org/10.3233/FAIA240227,https://doi.org/10.3233/FAIA240227
https://dblp.org/rec/conf/hhai/MettaGYGR22,Exemplars and Counterexemplars Explanations for Skin Lesion Classifiers.,https://doi.org/10.3233/FAIA220209,https://doi.org/10.3233/FAIA220209
https://dblp.org/rec/conf/hhai/MeulenVD24,Common Ground Provides a Mental Shortcut in Agent-Agent Interaction.,https://doi.org/10.3233/FAIA240201,https://doi.org/10.3233/FAIA240201
https://dblp.org/rec/conf/hhai/Meyer-VitaliM23,Causing Intended Effects in Collaborative Decision-Making (Short Paper).,,https://ceur-ws.org/Vol-3456/short4-1.pdf
https://dblp.org/rec/conf/hhai/Meyer-VitaliM24,Human-AI Engineering for Adults.,https://doi.org/10.3233/FAIA240197,https://doi.org/10.3233/FAIA240197
https://dblp.org/rec/conf/hhai/MichaelGH23,Diversity-Aware Hybrid Human-Artificial Intelligence (Preface).,,https://ceur-ws.org/Vol-3456/preface5.pdf
https://dblp.org/rec/conf/hhai/MoruzziFR24,"Biases, Epistemic Filters, and Explainable Artificial Intelligence.",,https://ceur-ws.org/Vol-3825/short1-3.pdf
https://dblp.org/rec/conf/hhai/MulderKML24,Rogue Algorithms: Using AI to Track the Spread of Disinformation Applications.,,https://ceur-ws.org/Vol-3825/short6-3.pdf
https://dblp.org/rec/conf/hhai/MuscatoBGPG24,Multi-Perspective Stance Detection.,,https://ceur-ws.org/Vol-3825/short6-4.pdf
https://dblp.org/rec/conf/hhai/NaggitaA23,The Equity Framework: Fairness Beyond Equalized Predictive Outcomes.,https://doi.org/10.3233/FAIA230083,https://doi.org/10.3233/FAIA230083
https://dblp.org/rec/conf/hhai/Namee24,Explainable Interactive Machine Learning Using Prototypical Part Networks for Medical Image Analysis.,https://doi.org/10.3233/FAIA240214,https://doi.org/10.3233/FAIA240214
https://dblp.org/rec/conf/hhai/NarettoMG22,Privacy Risk of Global Explainers.,https://doi.org/10.3233/FAIA220206,https://doi.org/10.3233/FAIA220206
https://dblp.org/rec/conf/hhai/NataliFC24,"Stimulating Cognitive Engagement in Hybrid Decision-Making: Friction, Reliance and Biases (Preface).",,https://ceur-ws.org/Vol-3825/prefaceW1.pdf
https://dblp.org/rec/conf/hhai/NeelySBL22,A Song of (Dis)agreement: Evaluating the Evaluation of Explainable Artificial Intelligence in Natural Language Processing.,https://doi.org/10.3233/FAIA220190,https://doi.org/10.3233/FAIA220190
https://dblp.org/rec/conf/hhai/NguyenIDVJ24,Hybrid Intelligence in Academic Writing: Examining Self-Regulated Learning Patterns in an AI-Assisted Writing Task.,https://doi.org/10.3233/FAIA240198,https://doi.org/10.3233/FAIA240198
https://dblp.org/rec/conf/hhai/Nimrod24,"""Global Perspectives on AI Governance: A Comparative Overview.",,https://ceur-ws.org/Vol-3825/paper4-2.pdf
https://dblp.org/rec/conf/hhai/NolsUP23,Trust Dispersion and Effective Human-AI Collaboration: The Role of Psychological Safety (Short Paper).,,https://ceur-ws.org/Vol-3456/short4-4.pdf
https://dblp.org/rec/conf/hhai/Onnes22,"Monitoring AI Systems: A Problem Analysis, Framework and Outlook.",https://doi.org/10.3233/FAIA220202,https://doi.org/10.3233/FAIA220202
https://dblp.org/rec/conf/hhai/OnnesDR23,Bayesian Network Conflict Detection for Normative Monitoring of Black-Box Systems (Short Paper).,,https://ceur-ws.org/Vol-3456/short2-1.pdf
https://dblp.org/rec/conf/hhai/OntikaSCP23,PAIRADS: Hybrid Interaction Between Humans and AI in Radiology.,https://doi.org/10.3233/FAIA230108,https://doi.org/10.3233/FAIA230108
https://dblp.org/rec/conf/hhai/PaciTPB23,"""Who's a Good Robot?!"" Designing Human-Robot Teaching Interactions Inspired by Dog Training.",https://doi.org/10.3233/FAIA230094,https://doi.org/10.3233/FAIA230094
https://dblp.org/rec/conf/hhai/Palma23,Neurosymbolic Narrative Generation for Cultural Heritage.,https://doi.org/10.3233/FAIA230129,https://doi.org/10.3233/FAIA230129
https://dblp.org/rec/conf/hhai/Peng24,Designing Expressive Interaction with Generative Artificial Intelligence.,https://doi.org/10.3233/FAIA240215,https://doi.org/10.3233/FAIA240215
https://dblp.org/rec/conf/hhai/PerikosM23,Sensitive Content Recognition in Social Interaction Messages (Short Paper).,,https://ceur-ws.org/Vol-3456/short5-7.pdf
https://dblp.org/rec/conf/hhai/QuintanaT24,"Make Friends, Not Tools: Designing AI for Technoamicitia.",,https://ceur-ws.org/Vol-3825/extendedAbstract1-2.pdf
https://dblp.org/rec/conf/hhai/RafnerBD0ZS22,Towards Hybrid Intelligence Workflows: Integrating Interface Design and Scalable Deployment.,https://doi.org/10.3233/FAIA220227,https://doi.org/10.3233/FAIA220227
https://dblp.org/rec/conf/hhai/Ramanath24,The Eve of AI Reclaiming Womanhood Through Co-Design with Artificial Intelligence.,https://doi.org/10.3233/FAIA240199,https://doi.org/10.3233/FAIA240199
https://dblp.org/rec/conf/hhai/RenouxGRSBK24,Communication in Human-AI Interaction (Preface).,,https://ceur-ws.org/Vol-3825/prefaceW3.pdf
https://dblp.org/rec/conf/hhai/RibeiroGSG24,Promoting Trustworthy AI in mHealth: a Gamified Approach to Value-Sensitive Design.,,https://ceur-ws.org/Vol-3825/short6-1.pdf
https://dblp.org/rec/conf/hhai/RienzoF0FBI24,Developing Targeted Communication through a Trust Factor in Multi-Agent Reinforcement Learning.,,https://ceur-ws.org/Vol-3825/extendedAbstract5-2.pdf
https://dblp.org/rec/conf/hhai/Robbins24,Beyond Convenience: the Ethical Use of AI in Everyday Life.,,https://ceur-ws.org/Vol-3825/extendedAbstract1-1.pdf
https://dblp.org/rec/conf/hhai/RoselerSSH22,Willing to Revise? Confidence and Recommendation Adoption in AI-Assisted Image Recognition.,https://doi.org/10.3233/FAIA220222,https://doi.org/10.3233/FAIA220222
https://dblp.org/rec/conf/hhai/SalikutlukKJ23,Interacting with Large Language Models: A Case Study on AI-Aided Brainstorming for Guesstimation Problems.,https://doi.org/10.3233/FAIA230081,https://doi.org/10.3233/FAIA230081
https://dblp.org/rec/conf/hhai/Savella24,"The Need for a New ""Right to Refuse"" the Results of Emotion Recognition AI.",,https://ceur-ws.org/Vol-3825/paper4-3.pdf
https://dblp.org/rec/conf/hhai/Sayin0PC23,Value-Aware Active Learning.,https://doi.org/10.3233/FAIA230085,https://doi.org/10.3233/FAIA230085
https://dblp.org/rec/conf/hhai/Sayin0PC23a,Value-Based Hybrid Intelligence.,https://doi.org/10.3233/FAIA230100,https://doi.org/10.3233/FAIA230100
https://dblp.org/rec/conf/hhai/ScharmannRKWK24,Trust in AI Chatbots: The Perceived Expertise of ChatGPT in Subjective and Objective Tasks.,https://doi.org/10.3233/FAIA240200,https://doi.org/10.3233/FAIA240200
https://dblp.org/rec/conf/hhai/SchmidtPW23,"""Augmented Brainstorming with AI"" - Research Approach for Identifying Design Criteria for Improved Collaborative Idea Generation Between Humans and AI.",https://doi.org/10.3233/FAIA230113,https://doi.org/10.3233/FAIA230113
https://dblp.org/rec/conf/hhai/SchoefferJV0S23,On the Interdependence of Reliance Behavior and Accuracy in AI-Assisted Decision-Making.,https://doi.org/10.3233/FAIA230074,https://doi.org/10.3233/FAIA230074
https://dblp.org/rec/conf/hhai/Selinger24,Balancing Empathy and Accountability: Exploring Friction-In-Design For AI-Mediated Doctor-Patient.,,https://ceur-ws.org/Vol-3825/short1-5.pdf
https://dblp.org/rec/conf/hhai/SemeraroRCV24,Computational Trust in Robotics: Preliminary Investigations and Evidence.,,https://ceur-ws.org/Vol-3825/extendedAbstract5-3.pdf
https://dblp.org/rec/conf/hhai/SerafimCGCRG24,Exploring Large Language Models Capabilities to Explain Decision Trees.,https://doi.org/10.3233/FAIA240183,https://doi.org/10.3233/FAIA240183
https://dblp.org/rec/conf/hhai/ShahuKZWM23,Electrifying Obstacle Avoidance: Enhancing Teleoperation of Robots with EMS-Assisted Obstacle Avoidance.,https://doi.org/10.3233/FAIA230086,https://doi.org/10.3233/FAIA230086
https://dblp.org/rec/conf/hhai/Sherson24,A Hybrid Intelligent Change Management Approach to Generative AI Adoption.,https://doi.org/10.3233/FAIA240228,https://doi.org/10.3233/FAIA240228
https://dblp.org/rec/conf/hhai/ShersonRB24,Operational Criteria of Hybrid Intelligence for Generative AI Virtual Assistants.,https://doi.org/10.3233/FAIA240229,https://doi.org/10.3233/FAIA240229
https://dblp.org/rec/conf/hhai/ShersonRDR23,A Multi-Dimensional Development and Deployment Framework for Hybrid Intelligence.,https://doi.org/10.3233/FAIA230119,https://doi.org/10.3233/FAIA230119
https://dblp.org/rec/conf/hhai/ShersonV24,Facilitating Human Feedback for GenAI Prompt Optimization.,https://doi.org/10.3233/FAIA240230,https://doi.org/10.3233/FAIA240230
https://dblp.org/rec/conf/hhai/SiebertLMKSHJ22,Estimating Value Preferences in a Hybrid Participatory System.,https://doi.org/10.3233/FAIA220193,https://doi.org/10.3233/FAIA220193
https://dblp.org/rec/conf/hhai/SimsonPK23,Using Multiverse Analysis to Evaluate the Influence of Model Design Decisions on Algorithmic Fairness.,https://doi.org/10.3233/FAIA230104,https://doi.org/10.3233/FAIA230104
https://dblp.org/rec/conf/hhai/SinghRC22,POMDP-Based Adaptive Interaction Through Physiological Computing.,https://doi.org/10.3233/FAIA220188,https://doi.org/10.3233/FAIA220188
https://dblp.org/rec/conf/hhai/SlosiarovaMJP23,Trustworthy AI in Dental Care beyond Artificial Intelligence Act (Short Paper).,,https://ceur-ws.org/Vol-3456/short1-2.pdf
https://dblp.org/rec/conf/hhai/Sorysz24,Artificial Intelligence in Wearables - Challenges and Opportunities in Physical Therapy and Sports Training.,https://doi.org/10.3233/FAIA240217,https://doi.org/10.3233/FAIA240217
https://dblp.org/rec/conf/hhai/SounchioCKGBN23,Organizations' Interpersonal Activity Knowledge Representation.,https://doi.org/10.3233/FAIA230089,https://doi.org/10.3233/FAIA230089
https://dblp.org/rec/conf/hhai/StangeK23,Towards Robots That Meet Users' Need for Explanation.,https://doi.org/10.3233/FAIA230099,https://doi.org/10.3233/FAIA230099
https://dblp.org/rec/conf/hhai/SteelsVT22,An Experiment in Measuring Understanding.,https://doi.org/10.3233/FAIA220203,https://doi.org/10.3233/FAIA220203
https://dblp.org/rec/conf/hhai/SteffnyDRGGW23,Design of a Human-in-the-Loop Centered AI-Based Clinical Decision Support System for Professional Care Planning.,https://doi.org/10.3233/FAIA230090,https://doi.org/10.3233/FAIA230090
https://dblp.org/rec/conf/hhai/StegingRV22,Discovering the Rationale of Decisions.,https://doi.org/10.3233/FAIA220208,https://doi.org/10.3233/FAIA220208
https://dblp.org/rec/conf/hhai/Strange24,Beyond 'Our Product is Trusted!' - A processual Approach to Trust in AI Healthcare.,,https://ceur-ws.org/Vol-3825/paper2-1.pdf
https://dblp.org/rec/conf/hhai/SunCNPKBWRRWB23,Virtual Support for Real-World Movement: Using Chatbots to Overcome Barriers to Physical Activity.,https://doi.org/10.3233/FAIA230084,https://doi.org/10.3233/FAIA230084
https://dblp.org/rec/conf/hhai/TacomaMLL24,A Thought-provoking Question Matrix to Guide the Development of Foundation-Model-based Applications.,,https://ceur-ws.org/Vol-3825/short6-2.pdf
https://dblp.org/rec/conf/hhai/TahtaliD24,A Beyond Diagnosis Approach: Fostering Trust in AI's Supportive Role in Healthcare.,,https://ceur-ws.org/Vol-3825/poster2-1.pdf
https://dblp.org/rec/conf/hhai/Taylor23,Reinforcement Learning Requires Human-in-the-Loop Framing and Approaches.,https://doi.org/10.3233/FAIA230098,https://doi.org/10.3233/FAIA230098
https://dblp.org/rec/conf/hhai/TegenDP23,Human Factors in Interactive Online Machine Learning.,https://doi.org/10.3233/FAIA230073,https://doi.org/10.3233/FAIA230073
https://dblp.org/rec/conf/hhai/Tiddi0SH24,Assessing the HI-ness of Virtual Heritage Applications with Knowledge Engineering.,https://doi.org/10.3233/FAIA240193,https://doi.org/10.3233/FAIA240193
https://dblp.org/rec/conf/hhai/TielmanMBF24,Multidisciplinary Perspectives on Human-AI Team Trust (Preface).,,https://ceur-ws.org/Vol-3825/prefaceW5.pdf
https://dblp.org/rec/conf/hhai/TielmanRW23,What Can I Do to Help You?,https://doi.org/10.3233/FAIA230082,https://doi.org/10.3233/FAIA230082
https://dblp.org/rec/conf/hhai/TrianniNPKHBBF23,Hybrid Collective Intelligence for Decision Support in Complex Open-Ended Domains.,https://doi.org/10.3233/FAIA230079,https://doi.org/10.3233/FAIA230079
https://dblp.org/rec/conf/hhai/TuijnLDFGB23,WeHeart: A Personalized Recommendation Device for Physical Activity Encouragement in Cardiac Rehabilitation.,https://doi.org/10.3233/FAIA230122,https://doi.org/10.3233/FAIA230122
https://dblp.org/rec/conf/hhai/UfertG23,How SMEs Ought to Operationalize AI Risk Assessments Under the AI Act (Short Paper).,,https://ceur-ws.org/Vol-3456/short1-1.pdf
https://dblp.org/rec/conf/hhai/Ulfert-BlankGTO23,Piecing Together the Puzzle: Understanding Trust in Human-AI Teams (Short Paper).,,https://ceur-ws.org/Vol-3456/short4-6.pdf
https://dblp.org/rec/conf/hhai/Vahabava23,The Risks Associated with Generative AI Apps in the European Artificial Intelligence Act.,,https://ceur-ws.org/Vol-3456/paper1-1.pdf
https://dblp.org/rec/conf/hhai/VereschakBC22,"What AI Practitioners Say About Human-AI Trust: Its Role, Importance, and Factors That Affect It.",https://doi.org/10.3233/FAIA220207,https://doi.org/10.3233/FAIA220207
https://dblp.org/rec/conf/hhai/VerhagenMNT24,The Influence of Interdependence on Trust Calibration in Human-Machine Teams.,https://doi.org/10.3233/FAIA240203,https://doi.org/10.3233/FAIA240203
https://dblp.org/rec/conf/hhai/VermaA22,Learning to Cooperate with Human Evaluative Feedback and Demonstrations.,https://doi.org/10.3233/FAIA220189,https://doi.org/10.3233/FAIA220189
https://dblp.org/rec/conf/hhai/VisserMWKST23,Mutually Adaptive Trust Calibration in Human-AI Teams (Short Paper).,,https://ceur-ws.org/Vol-3456/short4-8.pdf
https://dblp.org/rec/conf/hhai/VitoYBSFFMHOSIF23,RadioMe: Adaptive Radio to Support People with Mild Dementia in Their Own Home.,https://doi.org/10.3233/FAIA230114,https://doi.org/10.3233/FAIA230114
https://dblp.org/rec/conf/hhai/VossenS024,A Conversational Agent for Structured Diary Construction Enabling Monitoring of Functioning & Well-Being.,https://doi.org/10.3233/FAIA240204,https://doi.org/10.3233/FAIA240204
https://dblp.org/rec/conf/hhai/VossersBBHN24,Human-Aware Planning for Situational Awareness in Indoor Police Interventions.,https://doi.org/10.3233/FAIA240205,https://doi.org/10.3233/FAIA240205
https://dblp.org/rec/conf/hhai/Vzorin24,Integrating Minds and Machines: The Role of Digital Externalization in Evolving Cognitive Architectures.,https://doi.org/10.3233/FAIA240218,https://doi.org/10.3233/FAIA240218
https://dblp.org/rec/conf/hhai/VzorinS24,ChatGPT May Foster Human Gist Memory While Offloading Less Sufficient Information.,https://doi.org/10.3233/FAIA240232,https://doi.org/10.3233/FAIA240232
https://dblp.org/rec/conf/hhai/WeerawardhanaA024,Exploring the Dynamic Nature of Trust Using Interventions in a Human-AI Collaborative Task.,https://doi.org/10.3233/FAIA240206,https://doi.org/10.3233/FAIA240206
https://dblp.org/rec/conf/hhai/WischnewskiK22,Can AI Reduce Motivated Reasoning in News Consumption? Investigating the Role of Attitudes Towards AI and Prior-Opinion in Shaping Trust Perceptions of News.,https://doi.org/10.3233/FAIA220198,https://doi.org/10.3233/FAIA220198
https://dblp.org/rec/conf/hhai/WoerkomGPV22,Landmarks in Case-Based Reasoning: From Theory to Data.,https://doi.org/10.3233/FAIA220200,https://doi.org/10.3233/FAIA220200
https://dblp.org/rec/conf/hhai/Wolff23,Using Non-Monotonic Logics to Create a Dynamic Framework for a Behavior Support Agent.,https://doi.org/10.3233/FAIA230125,https://doi.org/10.3233/FAIA230125
https://dblp.org/rec/conf/hhai/WolffBHR24,Using Default Logic to Create Adaptable User Models for Behavior Support Agents.,https://doi.org/10.3233/FAIA240207,https://doi.org/10.3233/FAIA240207
https://dblp.org/rec/conf/hhai/WollstadtK22,Poster: Quantifying Cooperation Between Artificial Agents Using Information Theory.,https://doi.org/10.3233/FAIA220224,https://doi.org/10.3233/FAIA220224
https://dblp.org/rec/conf/hhai/WollstadtKW23,Quantifying Cooperation Between Rule-Based Hanabi Agents Using Information Theory.,https://doi.org/10.3233/FAIA230117,https://doi.org/10.3233/FAIA230117
https://dblp.org/rec/conf/hhai/Zakreuskaya23,How Physicians and Patients Interact with Electronic Health Data: A Human-Computer Interaction Perspective.,https://doi.org/10.3233/FAIA230128,https://doi.org/10.3233/FAIA230128
https://dblp.org/rec/conf/hhai/Zamprogno24,Hypothesis Updating by Combining Knowledge Graphs and Argumentation.,https://doi.org/10.3233/FAIA240219,https://doi.org/10.3233/FAIA240219
https://dblp.org/rec/conf/hhai/ZapataPWLM23,Analysis of the Classification of Medical Device Software in the AI Act Proposal.,,https://ceur-ws.org/Vol-3456/paper1-2.pdf
https://dblp.org/rec/conf/hhai/ZhangMS23,Towards Explainable Automatic Knowledge Graph Construction with Human-in-the-Loop.,https://doi.org/10.3233/FAIA230091,https://doi.org/10.3233/FAIA230091
https://dblp.org/rec/conf/hhai/ZhuN24,AI + Object Making & Creative Content.,https://doi.org/10.3233/FAIA240233,https://doi.org/10.3233/FAIA240233
https://dblp.org/rec/conf/hhai/ZoelenMTFTCGBBN23,Developing Team Design Patterns for Hybrid Intelligence Systems.,https://doi.org/10.3233/FAIA230071,https://doi.org/10.3233/FAIA230071
https://dblp.org/rec/conf/hhai/ZullichS23,Assessing Fairness in Open-Source Face Mask Detection Algorithms.,,https://ceur-ws.org/Vol-3456/paper2-1.pdf
